dr_loss,autoc_ipw,qini_ipw,tau_mean,tau_sd,candidate,fold,seconds,cindex_0,pv_mse_0,cindex_1,pv_mse_1
326.9533049719729,-0.6349802685033571,-0.17708933668793578,-0.12479405392697232,2.7755575615628914e-17,constant_ate,0,4.8,,,,
395.75394147354825,-0.22009202450754445,0.025267759429824982,-0.1542939773366405,2.7755575615628914e-17,constant_ate,1,4.8,,,,
349.59974512681265,-0.6649123387344451,-0.24858229367107199,-0.05861726881227757,1.3877787807814457e-17,constant_ate,2,4.6,,,,
335.5371318667387,-0.16303239216103801,0.03257915274091731,-0.15778316478734572,2.7755575615628914e-17,constant_ate,3,4.8,,,,
392.3349172157704,0.7149493126126929,0.2416090606845538,-0.2454251892817791,2.7755575615628914e-17,constant_ate,4,6.2,,,,
326.9591686252374,0.2273845178475592,0.12018075168642228,-0.16035202901840168,0.009327866337205655,cox_s_learner,0,0.5,0.542849338765848,64.98892150765592,0.5769701033367516,55.18708847389664
395.741297197209,-0.17325711279302156,-0.17265393293973666,-0.13704806884111603,0.007436207929959703,cox_s_learner,1,0.5,0.5860583296509059,62.714662221187815,0.5493445010924982,57.613267347493725
349.62260780101064,0.9414709550084933,0.3948925470091694,0.0023191621702446374,0.00013948202181089924,cox_s_learner,2,0.4,0.5709504114612203,65.74825882308153,0.5306855662007225,57.65862697225422
335.66667344805677,-1.1838546484962216,-0.2853995863948917,0.01807505897644168,0.0010749927391240674,cox_s_learner,3,0.4,0.5452241195304163,67.01387315044512,0.5634446057087567,61.75571820322599
392.30041880141766,-0.4138997543753085,-0.017084357199206528,-0.09566319113752979,0.005171502189115683,cox_s_learner,4,0.5,0.5566636851520572,66.34986474189414,0.5520633445775345,58.7269592804047
324.060592501376,1.2210568031029767,0.4426195811667234,-0.03708748544944338,1.6198330931541458,cox_interactions,0,0.6,0.5515899210160927,64.8406743086852,0.5799282164549973,54.890766645572945
399.06526687332604,-0.41522887355458465,-0.02136405219281609,0.0019937657332295836,1.8324991493524083,cox_interactions,1,0.8,0.5649359257622625,63.50876128031645,0.5258153273448248,59.21263949313035
348.2729668347996,0.38215957777692827,0.25314216857640204,-0.04266959413898884,1.621890283296496,cox_interactions,2,0.6,0.5700336843900567,65.98808849128898,0.533630438196953,57.8457852937904
340.49524227912787,-0.7341722037780142,-0.21557499708616962,0.10778035895255468,1.8262453998545147,cox_interactions,3,0.6,0.5289710067591604,68.489842938561,0.5543880019351718,62.25509061857263
393.0794706201793,0.47560877460517675,0.14946613598530434,0.03496587688850511,1.5585983967202008,cox_interactions,4,0.6,0.5543381037567084,66.60453360765734,0.5626477063849556,58.061038226275926
323.9622394904197,1.176577381315256,0.4581713747022579,-0.04128384108469131,1.674963132238931,t_learner_cox,0,0.3,0.551612682949036,64.85795907187122,0.5787055296994557,54.89691279415094
399.7551208213333,-0.4619036906901967,-0.038789967715656744,-0.04429054977134335,1.9582300743955905,t_learner_cox,1,0.4,0.5574900574458683,63.7592750179697,0.5242777373148823,59.30751928640839
348.83814124358224,0.23217505957938478,0.20450575255596196,-0.0677151098261993,1.79057392831791,t_learner_cox,2,0.3,0.5686692534004179,66.14568690057405,0.5318242500392649,58.01984393440081
340.8368627623065,-0.6748335282863227,-0.2142669874456819,0.11442721928842493,1.9174951264123279,t_learner_cox,3,0.3,0.5239016364283173,68.47130132310681,0.553014029995162,62.42599107343004
393.21819150854054,0.44839791042874333,0.15403676278615336,0.11401639542791021,1.6569935135168634,t_learner_cox,4,0.3,0.5524821109123434,66.70388799021953,0.5648292160704547,57.932360658508856
328.6439522223245,0.6004472022168021,0.2141404774176669,-0.15070216125743618,2.066503651184723,t_learner_gbsa,0,12.1,0.5431452438941115,65.40052314710913,0.5527924587836239,56.46791234719311
401.6791143939018,-0.02959855618487645,0.05041946291878666,-0.09902686177009414,2.225472754258269,t_learner_gbsa,1,12.0,0.5780159080866107,63.45582925604804,0.4967831998057781,61.904915752248726
350.7079890826156,0.7934476140377539,0.2585761599346207,-0.1784998429336114,1.8707915625829372,t_learner_gbsa,2,11.9,0.5587984479597493,67.02030520040142,0.5228325742107743,58.445508623317565
337.0608708788168,0.760603911025554,0.2384378004385454,0.05635729248456267,2.0373851207664977,t_learner_gbsa,3,11.8,0.5352410174315191,68.83822058916954,0.5313014029995162,63.32328675713905
399.8007999541813,-0.9872644192220277,-0.22699143622323387,0.05605263309836006,2.0685372817588066,t_learner_gbsa,4,12.2,0.5279964221824687,69.93248723211812,0.5055244712868887,61.48067689992352
326.7944126333489,0.5956947068980114,0.27534483719209374,-0.1313913852978193,1.3767304759450563,t_learner_rsf,0,10.0,0.5663168916304373,63.906490559421094,0.5607596434487655,56.19366672934789
396.4634558851552,0.7302524271087131,0.2532811301986403,-0.14080522978728843,1.4391778662213632,t_learner_rsf,1,10.3,0.5762704374723818,62.69412224155502,0.5162863154487335,59.12338833434746
347.46129863894225,1.4919109394151653,0.5671570164382487,-0.14533655933366152,1.1410427452731997,t_learner_rsf,2,10.0,0.5751289813669893,65.93928016350021,0.5271909847651955,57.24132047671341
336.4457565129632,1.170133745109746,0.25172860724946794,0.07706362367647113,1.3811395648410905,t_learner_rsf,3,12.3,0.5374199573105657,67.14484438865033,0.533701015965167,62.85819308683777
394.2748069200852,-0.1041371799052586,-0.04994904201121621,-0.013443167036917118,1.3366102574407799,t_learner_rsf,4,10.8,0.547025939177102,67.0239501909233,0.5163916213868746,59.528174976311625
326.9621007264242,-0.1367304334012022,-0.06566857897011624,0.0005125158722740417,0.07240818277868924,s_learner_gbm,0,1.1,0.5436915302847518,64.07397824883158,0.5522008361599747,57.289938201167935
395.90546576816877,-0.7209251013147258,-0.2298874672121325,0.026694262924921136,0.12542288314849126,s_learner_gbm,1,0.9,0.5741272646928856,62.51610345825885,0.517621591001052,59.17698785733749
349.6908090882058,-0.12213647257138735,-0.09922503529130032,-0.0005804253805458783,0.13065774204892389,s_learner_gbm,2,0.6,0.568114953310877,67.02958039211956,0.5062627611119837,59.342080516120234
335.72842462535476,-0.3187666869229266,-0.0013326124460735756,0.0024780425259975287,0.09388012056427059,s_learner_gbm,3,0.7,0.5433564567769477,68.17003684808057,0.5115820029027576,64.92472825746405
392.17213833308966,0.20094748633963266,0.21712952358594476,-0.05846038587165096,0.161479661840564,s_learner_gbm,4,0.9,0.5415697674418605,67.71604511402519,0.4991011372129194,61.93060453400865
326.6862064368197,0.8908254700817486,0.2802029506529412,-0.24932094971072405,0.5204067742833729,s_learner_ridge_interactions,0,0.1,0.5616279334441081,63.9370143109111,0.5526544135047724,56.55961569986024
395.3618502323455,0.3009503474481728,0.3039194897942587,-0.34482999706977524,0.31958283330439846,s_learner_ridge_interactions,1,0.1,0.5788555015466196,62.737586478086754,0.540928218823339,58.353564119966364
349.51718609647025,-0.01862915763281571,-0.02999058683129106,-0.21091128625464098,0.21119905510863604,s_learner_ridge_interactions,2,0.1,0.591800622521639,65.89156318806003,0.5191416679754987,57.516929936808374
337.43178255425653,-0.3029860877136028,-0.10529882220183744,-0.0734854057022905,0.7859367702899771,s_learner_ridge_interactions,3,0.1,0.5335067591604411,66.61148768813166,0.547092404450895,62.51422806613891
392.5945408412395,-0.28625814249946974,-0.08629963425909186,-0.18468321636997612,0.4395802440191822,s_learner_ridge_interactions,4,0.1,0.5556797853309481,66.01424162262221,0.5237239178298019,59.48689508458405
330.4735086498822,0.6316976209206218,0.16228437661420234,-0.16590360378859428,2.6556143714248606,t_learner_gbm,0,1.7,0.5202467393531058,67.56226276738185,0.5573479529857222,56.58105069686545
406.7153099401032,-0.13156650684486285,0.010277296362305696,-0.14290346541573554,2.7427942390417885,t_learner_gbm,1,1.7,0.5501546619531595,66.14095656884444,0.5072226268511775,61.833072567532824
352.3246068478784,0.6529336423478791,0.3024035147608973,-0.2602285550327171,2.589164887689931,t_learner_gbm,2,0.8,0.5376710868545602,69.4124188028617,0.5314708653997173,59.16014984781035
341.34189824917536,0.4825105701454639,0.1497137418539791,-0.07704415125725463,2.527159857736935,t_learner_gbm,3,0.8,0.5295935610103166,70.43883453666575,0.508388969521045,66.32976670236646
403.0635338174013,-0.8522205767719493,-0.1674745380287047,-0.07884492117406466,2.4806237292051674,t_learner_gbm,4,0.7,0.5323121645796064,69.85880398121994,0.5035449532389359,61.79095063194623
326.0139381738802,0.7099973253578107,0.2546277666514394,-0.3798310092701914,0.927934091083399,t_learner_ridge,0,0.1,0.561423076047618,63.82552174866668,0.5710538771002603,56.76346198455424
396.93007006777486,-0.09030775627660066,-0.020829154937936693,-0.3405487506157821,1.774550611879014,t_learner_ridge,1,0.1,0.5692664604507292,62.86153559920393,0.5339281378975479,58.73361828785669
351.7099360429744,-0.35218305634179137,-0.021480936938222506,-0.18390222990906627,1.8569286081089345,t_learner_ridge,2,0.1,0.5832729288363961,66.32348353114946,0.5293701900424062,58.42538340401659
338.2603366541498,-0.3953033757260426,-0.002665888342441035,-0.09883275381427645,1.8757037294285144,t_learner_ridge,3,0.1,0.5309053717538242,66.48436505163323,0.5478084179970972,62.99502650964598
393.50068992809184,0.0778986980011362,0.07510469330168151,-0.10346671198258334,1.5838194000900077,t_learner_ridge,4,0.1,0.550134168157424,66.1888107351111,0.5538610701516957,58.55167099419697
327.2720800158882,0.7460157267734654,0.2652318468143844,-0.11146343806492551,1.9931008160444863,x_learner_gbm,0,1.7,0.5202467393531058,67.56226276738185,0.5573479529857222,56.58105069686545
402.92922457538555,-0.27816451753281846,-0.06864630499170962,0.014868878799849813,2.1225188366515244,x_learner_gbm,1,1.8,0.5501546619531595,66.14095656884444,0.5072226268511775,61.833072567532824
349.47673594967137,0.8645073787511265,0.3865680880583474,-0.06363125604669242,1.835950484450914,x_learner_gbm,2,1.7,0.5376710868545602,69.4124188028617,0.5314708653997173,59.16014984781035
337.3665995382904,0.5913955010897282,0.19222840665286242,-0.025990460660749906,1.9129763398183315,x_learner_gbm,3,1.9,0.5295935610103166,70.43883453666575,0.508388969521045,66.32976670236646
397.6666360596811,-0.38661874504774457,-0.021420534438754874,0.0005488391506918628,1.8573706974909645,x_learner_gbm,4,1.8,0.5323121645796064,69.85880398121994,0.5035449532389359,61.79095063194623
325.7943420103454,1.2015251896183308,0.4264070193768328,-0.14060724074214606,0.6893688370984155,dr_learner_ridge,0,6.1,,,,
395.9066331834206,0.21647872379087146,0.010208740398504093,-0.16270598555189242,0.797061159383124,dr_learner_ridge,1,5.4,,,,
348.63090828923515,0.9673598542272273,0.39937639205775016,-0.07326251427980073,0.4479013265177285,dr_learner_ridge,2,5.9,,,,
336.6879873796304,-0.22470564401096826,-0.03759746487726037,-0.09600848068811275,0.8016077493218435,dr_learner_ridge,3,5.3,,,,
392.2698657869965,-0.23062389109807727,0.02425205778434663,-0.25059031081414823,0.6664836792094179,dr_learner_ridge,4,5.5,,,,
327.79946921333357,0.6551528395809639,0.29857246513318086,-0.2822415159607687,2.0333056584792386,dr_learner_gbm_small,0,6.1,,,,
403.7788637008458,-0.3697946196415246,-0.1130219270064666,-0.23253225558164214,2.3186096071214997,dr_learner_gbm_small,1,5.4,,,,
348.5582751316148,1.3477805708439243,0.4140049814987191,0.002386441205989377,1.981477229161739,dr_learner_gbm_small,2,5.9,,,,
341.5885983641768,-0.15874517324250084,-0.12125631641013776,-0.031113113809802178,2.174912386081318,dr_learner_gbm_small,3,5.6,,,,
397.24411172833084,-0.3405595147268012,-0.057045542243338965,-0.2464346535553579,1.842524514494629,dr_learner_gbm_small,4,5.4,,,,
335.1159114586123,0.4715810668127353,0.15102660752946992,-0.28827009504622564,3.388929866525558,dr_learner_gbm,0,5.9,,,,
418.802246135218,-0.46587476058541194,-0.14093730071580518,-0.1896849823383344,3.883009967875585,dr_learner_gbm,1,7.1,,,,
357.0750732496649,0.9042418700089577,0.327940725732877,-0.038584790569397065,3.544481307423224,dr_learner_gbm,2,5.6,,,,
346.6518711140499,0.0333976175882029,0.040735707267583604,0.01720918664836451,3.3475469996499516,dr_learner_gbm,3,5.5,,,,
407.1402827324775,-0.4387451636311493,-0.14508349342204765,-0.18279766667501302,3.09943747387076,dr_learner_gbm,4,5.6,,,,
328.35135013106947,0.40808721220940947,0.17602658323916534,-0.2768164956831473,2.0832791870575478,dr_learner_rf,0,5.9,,,,
402.80996730230527,-0.04597499631479916,0.0370320119866596,-0.1751657118981562,2.298805102756062,dr_learner_rf,1,7.4,,,,
349.09844120269264,1.1884109633384197,0.42796118568478786,-0.03971487046403868,1.9267669332356596,dr_learner_rf,2,6.9,,,,
340.6758355946979,0.003305298751821453,-0.017051153958070765,-0.04820313756728295,2.073623331584189,dr_learner_rf,3,6.4,,,,
395.3513305805152,0.1471703580164974,0.03317115394156492,-0.13037557345785675,1.7881398718571144,dr_learner_rf,4,7.2,,,,
325.8718113022033,1.270966286047072,0.4446920525610697,-0.11893679672747888,0.6049654758000415,dr_learner_ridge_gbsanuisance,0,39.8,,,,
395.8696686419025,0.10900658261317832,0.0008672543789995409,-0.17228590430985763,0.7445859372516398,dr_learner_ridge_gbsanuisance,1,38.4,,,,
348.95276900680904,0.7463561047704569,0.3444053209033664,-0.10863639126000933,0.39854107444798786,dr_learner_ridge_gbsanuisance,2,37.9,,,,
336.5163918191466,-0.19613500586127167,-0.03623108986677962,-0.137985904659888,0.7744481488772695,dr_learner_ridge_gbsanuisance,3,38.9,,,,
392.2584596327655,-0.16304251587630833,0.027245672465752484,-0.3037873344881966,0.5833968769884201,dr_learner_ridge_gbsanuisance,4,38.7,,,,
326.6149454791309,1.0459897372231974,0.37922271331119267,-0.051478170757731034,0.1930426979261051,r_learner_ridge,0,3.3,,,,
395.65837078624526,0.4550644831210531,0.08942181875109935,-0.10021560942425409,0.5439263593898943,r_learner_ridge,1,3.2,,,,
349.17768353615014,1.110635540711405,0.48826813041931627,-0.05145114156413327,0.13188422069864905,r_learner_ridge,2,3.4,,,,
336.54473684229305,-0.4899441424660094,-0.09828702972877291,-0.03858425750287952,0.556659877455711,r_learner_ridge,3,3.4,,,,
392.1279687088329,0.06094825282409273,0.099467382630793,-0.0318527960032341,0.1938207207438893,r_learner_ridge,4,3.4,,,,
326.71580458979935,1.0427470340331597,0.36336797571266294,-0.14518879697295245,1.6963996451705268,r_learner_gbm_small,0,7.1,,,,
399.8394275183745,0.4256845442342172,0.08123349950262974,-0.09753020259202044,1.7822779652339789,r_learner_gbm_small,1,8.1,,,,
348.9663753854281,0.8341583049650022,0.31491470422553863,-0.03930310408423518,1.502360580284642,r_learner_gbm_small,2,8.2,,,,
338.7069999956883,0.16762958059136393,-0.05724681727173755,-0.03965827358280348,1.7769162511298346,r_learner_gbm_small,3,7.7,,,,
396.5410484106781,-0.2666480151729953,-0.05925726798919042,-0.08676887414235017,1.5595888679788952,r_learner_gbm_small,4,8.2,,,,
327.1312393035137,-0.7599517641768261,-0.1298347119417032,-0.4218920699516039,0.053698904839322416,setnet,0,8.2,0.5252316026676985,65.7981885008673,0.5288120217717126,57.42341970802478
395.83698496174003,0.6694798090612646,0.4295005072542945,-0.5404856968228084,0.06102824494180072,setnet,1,1.7,0.5310207688908528,63.998479061292436,0.478756979849478,59.825156784144184
349.3614850406389,2.0049304652092146,0.8341165788137564,-0.2224206019714502,0.046841291297856004,setnet,2,3.0,0.5807785784334627,65.97810077180557,0.4608332024501335,59.30775601197421
335.7039135109836,-1.052915485306637,-0.3614804986347986,-0.25832877827093337,0.07749533054641881,setnet,3,2.8,0.5132737459978656,68.08166438059106,0.5461248185776487,62.47180142545845
392.6677768123551,-0.5534301868356416,-0.11026409811164425,-0.6019484519177217,0.05270128424227792,setnet,4,1.7,0.495438282647585,68.01413636335215,0.5208152382491364,59.324271547602436
326.32373272596595,0.38716092551062886,0.19911875133397144,-0.15713280625163478,0.6378755907577157,setnet_plus_features,0,1.0,0.5481983930075341,65.20764239026207,0.5541729115721385,57.03561693253518
394.85540186367024,0.6319405621496894,0.2209707669730543,0.019563613774272244,0.7223055328789618,setnet_plus_features,1,1.4,0.5696641626159965,62.98686836127388,0.5093266974184673,59.590934559847824
347.39185503403957,1.9774219641872315,0.7035028037920961,-0.1513773225875731,0.5560951827636251,setnet_plus_features,2,1.2,0.6022257280518484,64.49097796633693,0.4985275640018847,58.40402693023094
336.6477642741639,-0.5811364595841715,-0.06257576674955824,0.07742434616750517,0.6491585474687996,setnet_plus_features,3,1.0,0.5364194236926361,67.65936962086339,0.5707595549104983,61.750654059566344
392.14304982353354,0.7013212755940044,0.17651520915946264,-0.09182183510880808,0.6450976543124878,setnet_plus_features,4,1.1,0.5460644007155635,66.23719879667492,0.5360656068838751,59.39541123996031
