dr_loss,autoc_ipw,qini_ipw,tau_mean,tau_sd,candidate,fold,seconds,cindex_0,outcome_mse_0,cindex_1,outcome_mse_1
473.99971755519823,-0.8971810442533108,-0.3176207710414688,0.49821214147479786,1.1102230246251565e-16,constant_ate,0,20.2,,,,
528.5395168539349,-0.6267576091454963,-0.21249964641237143,0.9986924646930082,1.1102230246251565e-16,constant_ate,1,17.2,,,,
510.34259176528286,1.3836981733503615,0.5520475743492643,0.5713555776579843,1.1102230246251565e-16,constant_ate,2,15.5,,,,
563.3018985245354,-0.5259527135513232,-0.14313852680562614,1.0380760932484692,2.220446049250313e-16,constant_ate,3,16.8,,,,
461.54943289275144,0.5811683672624881,0.25517692745871984,0.6032956626353192,1.1102230246251565e-16,constant_ate,4,16.0,,,,
471.3190875937119,3.7782371453712065,1.0438402482780216,0.15325906447914284,0.4224987598539908,s_learner_gbm,0,2.6,0.6010866204337647,53.44439057513597,0.5303790627653825,58.544270098640645
526.1034842288947,1.1880056105822447,0.20518919215413975,0.5637362855453442,0.8321913671684342,s_learner_gbm,1,2.7,0.5348548576156658,53.834471070082074,0.5088268510629866,54.47843933816986
510.5117185042077,1.8598149602654541,0.6665168946907833,0.06845997302181325,0.17493752244477212,s_learner_gbm,2,2.1,0.5361258865248227,56.17487430452627,0.5071169693656482,55.31205486287526
559.1445834431836,1.880748409454341,0.5894136937952191,0.41434148151870276,0.63311500157762,s_learner_gbm,3,2.3,0.5706334984715927,55.60890745128004,0.5204426069067449,51.889231723478
459.14904462824643,1.2124201793656209,0.5165683004714703,0.5197366776904331,0.7743843700327274,s_learner_gbm,4,2.3,0.5347686216283098,55.95764253711341,0.5309568108942638,53.70765710208662
471.16166431731546,2.550591415135227,0.7461418360691832,0.15407873274460773,0.7172389611627685,s_learner_ridge_interactions,0,0.6,0.602809311365343,52.521602213564904,0.5400679379294372,53.80356674575836
528.5254307308136,0.6240371873725633,0.2130612703900732,0.8170519040804711,2.6359728329291436,s_learner_ridge_interactions,1,0.5,0.5266726424417937,56.03247546946432,0.5250539914010025,51.897583035138005
509.02818915746315,2.369858196547915,0.6234489583967142,0.0021793547128466976,0.8103990811985698,s_learner_ridge_interactions,2,0.4,0.5805186170212766,53.95493894883213,0.5716252606855777,51.17056389635864
557.0363262598345,2.0962156622734467,0.7026327954228487,0.39862795890934094,1.1170546385795115,s_learner_ridge_interactions,3,0.4,0.5449562559291662,56.15506149981581,0.5378992150518306,49.11748276030253
459.6931186235378,0.8214628877839073,0.37966115798857586,0.15692026405072773,1.0141065880471343,s_learner_ridge_interactions,4,0.4,0.5419450631031922,54.173678449331504,0.5294129290210206,52.63838128271111
469.64276055243744,2.244089363209618,0.6880380233816118,0.4875458932515565,1.145393308474038,dr_learner_ridge,0,18.0,,,,
529.7585566751377,0.3437529733931727,0.14669235913175133,1.1043437819214603,2.771267950303746,dr_learner_ridge,1,16.3,,,,
507.1763641503242,1.5209802353671888,0.547690962951548,0.5408085554512672,1.2369043498117724,dr_learner_ridge,2,16.3,,,,
557.97873188016,2.0814493786011203,0.6068572937544636,1.023178809864801,1.7320561048261074,dr_learner_ridge,3,15.9,,,,
457.4228030476164,1.9723784233323152,0.5747044151440495,0.5779679049188944,1.803932786046826,dr_learner_ridge,4,15.4,,,,
470.43452044308697,2.125860049487852,0.6455765307495893,0.16907482110098282,0.9418385159953284,dr_learner_ridge_gbsanuisance,0,42.2,,,,
526.4249390405026,0.11437800256087373,0.11563516417170812,0.6175552595850576,1.6688587651996616,dr_learner_ridge_gbsanuisance,1,40.1,,,,
508.1547934797884,1.4908773029941422,0.49926455646569173,0.24725567602381174,0.9786581533754285,dr_learner_ridge_gbsanuisance,2,40.8,,,,
558.6007078584462,2.0435542026095703,0.5778459567365747,0.6009583530125601,1.1991863036602182,dr_learner_ridge_gbsanuisance,3,44.1,,,,
459.15336164755786,1.7084016648824447,0.508284990520339,0.22207278476647296,1.1474312815972594,dr_learner_ridge_gbsanuisance,4,39.6,,,,
469.69382066116435,2.679912731671676,0.7781931653471471,0.3951196601919337,0.9517606899076315,r_learner_ridge,0,8.9,,,,
527.7095708102114,0.5092462543716041,0.19019759568114258,0.8367391514789358,2.124409838201628,r_learner_ridge,1,8.3,,,,
508.43462364606904,1.1823374163388063,0.45638125617793834,0.16962893151630393,1.1726823695470046,r_learner_ridge,2,8.3,,,,
558.043845302207,1.8497435064284096,0.5513310175220859,0.7112071265131836,1.574702692161099,r_learner_ridge,3,8.6,,,,
458.29993224971975,1.71181433598992,0.49525686896128374,0.4749292175511587,1.5512605968992925,r_learner_ridge,4,8.6,,,,
471.90877263343316,2.009804986612973,0.5902160318315222,0.4398503194038392,0.5659430790265785,setnet_plus_features,0,3.2,0.5877026370422722,54.26243159186337,0.5665868910677063,53.312757406093795
526.1870899437906,0.32540732185317506,0.18403070847031852,0.14419411695274287,0.8489652126754423,setnet_plus_features,1,0.9,0.5542071755269025,51.418224556641064,0.5347625369023796,51.75195673583957
509.39745846209485,1.1866143697608242,0.45466811013638897,-0.05130842426550993,0.5964368231951073,setnet_plus_features,2,0.7,0.588674645390071,54.169156049008265,0.5628378788799125,50.7194754466766
559.8668936454225,1.842010894301808,0.5390316879563753,0.1718238039951416,0.5179893454198065,setnet_plus_features,3,0.6,0.5260250869611046,56.481077554229906,0.5148501008648411,50.123230715042006
460.11630406241045,1.9621080125663042,0.6013467480396926,0.0899366875017813,0.5737090998325372,setnet_plus_features,4,0.8,0.5323614766821894,54.96973937988764,0.5089861842365702,53.65664010545163
