candidate,dr_loss_mean,dr_loss_std,autoc_ipw_mean,autoc_ipw_std,qini_ipw_mean,qini_ipw_std,cindex_0_mean,cindex_0_std,cindex_1_mean,cindex_1_std,pv_mse_0_mean,pv_mse_0_std,pv_mse_1_mean,pv_mse_1_std,tau_mean_mean,tau_mean_std,tau_sd_mean,tau_sd_std,seconds_mean,seconds_std,dr_loss_vs_constant_mean,dr_loss_vs_constant_std
setnet_plus_features,359.4723607442746,31.95726007304546,0.6233416535714765,0.9146361450947467,0.2475063529018052,0.279360396239311,0.5605144216167157,0.026289767185098723,0.5337704669573727,0.030121753431473497,65.31641142708223,1.7647410911201789,59.235328744428124,1.732681311146123,-0.060668800801247716,0.10489376698249556,0.642106501636318,0.05896272241445623,1.1400000000000001,0.16733200530681505,-0.5634473866939516,1.2001526942428058
dr_learner_ridge,359.85794732992565,32.30039808934011,0.3860068465054768,0.6680165575347105,0.16452934894803467,0.22807940801016857,,,,,,,,,-0.14463490641522003,0.06897079336828794,0.6804845503061059,0.14372790791524312,5.64,0.3435112807463532,-0.17786080104298208,0.9321591199649955
dr_learner_ridge_gbsanuisance,359.8938200805654,32.27010770466753,0.35343029033862544,0.6373327471409014,0.1561958420884817,0.22160556847701393,,,,,,,,,-0.16832646628908607,0.07951119128628036,0.6211875026730718,0.14998226301655107,38.739999999999995,0.7021395872616759,-0.14198805040321077,0.7851102182503116
r_learner_ridge,360.02474107053047,31.959178997138846,0.4365387742827478,0.6755773389226883,0.19161860307672568,0.2377906381346722,,,,,,,,,-0.0547163950504464,0.02680632625323183,0.32386677524284974,0.2082684960325847,3.34,0.0894427190999916,-0.011067060438142562,0.5829322347263538
constant_ate,360.0358081309686,32.10360595844897,-0.19361354225873836,0.5576849291066969,-0.02524313150074234,0.19367660578933976,,,,,,,,,-0.14818273082900305,0.06736952869343558,2.4980018054066023e-17,6.206335383118182e-18,5.04,0.6542170893518451,0.0,0.0
cox_s_learner,360.0580331745863,32.063367449123625,-0.12043120856169982,0.7855564525663703,0.007987084432351367,0.2653388159059561,0.5603491769120895,0.018179255031287013,0.5545016241832527,0.017208683984204116,65.3631160888529,1.658413110487831,58.18833205545506,2.378818674474896,-0.07453381357007224,0.0809352086018432,0.004630010243443202,0.003969911964579044,0.45999999999999996,0.0547722557505166,0.02222504361770916,0.06367566467934063
s_learner_gbm,360.09178770824866,32.05892390922346,-0.21952224157412187,0.33704137404972623,-0.035796834066735575,0.16412354850562064,0.5541719945014645,0.01563850234280486,0.5173536656777374,0.0206389929819185,65.90114881226314,2.475487005226401,60.53286787321967,2.958677213417293,-0.005871197985800826,0.031482478544927,0.11676971807618779,0.03449135049276225,0.8400000000000001,0.1949358868961793,0.055979577280049854,0.1403129903151276
setnet,360.1402799258463,32.15279144050733,0.061622567590274915,1.2689961934199772,0.132407555475981,0.48791539320323224,0.529148595727493,0.0319096342939185,0.5070684521796218,0.03579942208022595,66.3741138155817,1.7130061057988082,59.67048109544081,1.814664953652075,-0.4090151197869035,0.1674794664407011,0.058353011173535176,0.011829071014455335,3.4799999999999995,2.7068431797945,0.10447179487769062,0.21175726918229792
t_learner_rsf,360.28794611809894,32.8578905671676,0.7767709277252755,0.6076823193820867,0.25951250981344687,0.21838136157614296,0.5604324413914952,0.017398030685422613,0.5308659162029472,0.01828419952415302,65.34173750880998,1.9690030193791237,58.98894872071163,2.556740934261065,-0.07078254355584304,0.09909743036254162,1.3349401819442979,0.11439548895820358,10.680000000000001,0.9628083921528732,0.25213798713036795,1.5307280822290887
s_learner_ridge_interactions,360.31831323222633,31.785926899815284,0.11678048593680664,0.49750478874748305,0.07250667943099591,0.2025028155049353,0.5642941204007512,0.022348481008368424,0.5367081245168615,0.014638106237674437,65.03837865756235,1.6326016407045907,58.88624658147158,2.296465665691234,-0.2126461710214814,0.09870189780709616,0.4553411354011134,0.21898121427739065,0.1,0.0,0.28250510125770917,0.9340708158151427
cox_interactions,360.9947078217618,33.260333454814834,0.18588481563049658,0.7749011847642087,0.12165776728988882,0.2526158730835923,0.5539737283368561,0.015882721381309393,0.5512819380633804,0.021906399162289987,65.8863801253018,1.8742118118618498,58.45306405546845,2.6572916387619463,0.01299658439717143,0.06163362157805457,1.691813264475553,0.1281416077798631,0.64,0.0894427190999916,0.9588996907931687,3.2261733340507197
t_learner_ridge,361.2829941733742,32.304359039747524,-0.00997963299709755,0.44668769813766346,0.05695129594690414,0.1174320604259193,0.5590004010491982,0.019801248014728306,0.5472043386378015,0.016641753463884558,65.13674333315289,1.675347328777499,59.0938322360541,2.3195074375329106,-0.22131629111837992,0.13194113029845192,1.6037872881179738,0.3950808310263312,0.1,0.0,1.2471860424056331,1.3888933871325988
t_learner_cox,361.32211116523644,33.41298808541909,0.14408262646937292,0.7423369471997281,0.11273138697660692,0.25462919666190925,0.5508311482271966,0.016515705768968665,0.5505301526238439,0.02260301327620286,65.98762206074827,1.7991910032761231,58.51652554937981,2.720254102099456,0.015030822806820238,0.09112497352775042,1.7996511549763246,0.13694449332917408,0.32,0.0447213595499958,1.2863030342678712,3.3959679373082747
r_learner_gbm_small,362.15393117999366,33.84598015911905,0.4407142897301496,0.5225907099131485,0.12860241883598067,0.2011853308503021,,,,,,,,,-0.08168985027487234,0.044362481807813034,1.6635086619595754,0.12729618343334048,7.859999999999999,0.47222875812470344,2.118123049025087,2.3693953454918457
x_learner_gbm,362.94225522778333,35.04474323913909,0.3074270688067514,0.5932861137087778,0.15079230041902594,0.19249295100749883,0.5339956427501498,0.011021201817224796,0.5215950735993196,0.022817618760412935,68.68265533139473,1.7829440448906704,61.13899808930425,3.624278724402986,-0.03713348736436523,0.05117480869205032,1.9443834348912443,0.1166414714185427,1.78,0.08366600265340755,2.9064470968147362,3.2069627584619234
dr_learner_rf,363.2573849622561,33.62759820064505,0.3401997672002698,0.5059545735787201,0.1314279561788214,0.1806460858625023,,,,,,,,,-0.13405515781409638,0.09792225970897159,2.034122885298115,0.19109307080757204,6.760000000000001,0.6107372593840987,3.221576831287507,2.983520386163292
t_learner_gbsa,363.578545306368,34.8316277435718,0.22752715037464116,0.7558667798530327,0.10691649289727716,0.20401097478175667,0.5486394079108918,0.020012623658288868,0.5218468214173162,0.02203745411531202,66.92947308496926,2.6016125210456424,60.324460075964396,2.794237726917892,-0.0631637880756438,0.11263811095733237,2.053738074110247,0.12610672269320927,12.0,0.15811388300841855,3.542737175399407,2.936852869043291
dr_learner_gbm_small,363.79386362766036,34.418427914220885,0.2267668205628123,0.7527533841885247,0.08425073219439135,0.2528764304993899,,,,,,,,,-0.1579870195403163,0.1328869735217472,2.0701658790676847,0.18285312417995914,5.68,0.3114482300479485,3.75805549669177,3.7518516221701126
t_learner_gbm,366.78377150088807,35.656487702777916,0.15667094995943054,0.6478891495231772,0.09144087831253593,0.17786545596906322,0.5339956427501498,0.011021201817224796,0.5215950735993196,0.022817618760412935,68.68265533139473,1.7829440448906704,61.13899808930425,3.624278724402986,-0.14498493933367324,0.07535493796400425,2.5990714170197364,0.10386604557470434,1.1400000000000001,0.5128352561983233,6.747963369919512,3.9080616270428927
dr_learner_gbm,372.9570769380045,37.571354768441,0.10092012603866696,0.591559319695844,0.04673644927841554,0.20124898631017374,,,,,,,,,-0.13642566959612112,0.12371353271683316,3.4526811230690155,0.2887510479794351,5.9399999999999995,0.6655824516917496,12.921268807035938,6.357542010828569
