candidate,dr_loss_mean,dr_loss_std,autoc_ipw_mean,autoc_ipw_std,qini_ipw_mean,qini_ipw_std,cindex_0_mean,cindex_0_std,cindex_1_mean,cindex_1_std,outcome_mse_0_mean,outcome_mse_0_std,outcome_mse_1_mean,outcome_mse_1_std,tau_mean_mean,tau_mean_std,tau_sd_mean,tau_sd_std,seconds_mean,seconds_std,dr_loss_vs_constant_mean,dr_loss_vs_constant_std
dr_learner_ridge,514.5590645813156,101.69664181756733,1.9078055948686579,0.9211451599192472,0.6089827848714953,0.37354503896555935,,,,,,,,,0.8336135576946854,0.1358646142086659,1.7839805113339864,0.465139885591566,14.719999999999999,0.10954451150103393,-3.19380954080259,1.974594184953696
r_learner_ridge,515.0312943316901,100.59505389746455,1.8255312136857178,0.8409322625273173,0.5896682135185266,0.34819220277818513,,,,,,,,,0.5702545202832506,0.09553604014529365,1.4256692575025436,0.4267853607021118,8.86,0.1949358868961793,-2.7215797904279726,0.9609192563118408
dr_learner_ridge_gbsanuisance,515.316550707708,100.67951569154866,1.6098546361593082,0.8122907262097275,0.5394223183156813,0.34880240083956643,,,,,,,,,0.3881137112043618,0.08529161985951658,1.198388847702466,0.333667496464776,41.44,1.9844394674567403,-2.436323414410208,1.0840815985894887
s_learner_gbm,515.5767183390275,98.84012173952532,1.643354821452569,0.6000934441629097,0.4477515868271448,0.1943631658110651,0.5642909130135833,0.015437264586872106,0.5166535922661769,0.022776767435359262,54.41284408405122,3.9041432552794246,54.70631133424217,4.286652568039029,0.4551101765348635,0.16741686211876144,0.7098628354366838,0.2609331638238876,3.9,0.7071067811865476,-2.176155783090576,1.4152416097622256
s_learner_ridge_interactions,515.6861204099794,99.70215761632303,1.6240718886512457,0.7531076341519756,0.505924032406085,0.21258656447016802,0.563443595624324,0.024137966061022288,0.5348921330831242,0.016647380089436874,53.48749204658752,3.601229827501276,51.50154492286813,3.1551664549142755,0.24879624870877842,0.16247924893106114,1.0480724463086397,0.4010109162825097,0.76,0.25099800796022265,-2.0667537121387682,0.9797473946399196
dr_learner_gbm_small,516.1094928070215,100.81758100558359,1.785776689712994,0.7298727162277882,0.555037515913788,0.23005109923201592,,,,,,,,,0.8807809495992501,0.2288949535130034,3.182140088805255,0.21586875246629492,15.62,1.4515508947329414,-1.6433813150966103,3.1496003670220554
r_learner_gbm_small,516.2308947349404,100.27671447318552,1.569058877861713,0.5335531351604478,0.4422177776352906,0.22881047054161335,,,,,,,,,0.8801922907815454,0.12463548802567774,2.854181172260476,0.25715728451667424,9.8,0.15811388300841928,-1.5219793871777256,4.308280201789846
x_learner_gbm,516.3074122750644,99.92590274241054,1.3399375903743564,0.9851685519247657,0.44722715519084877,0.2835439084327993,0.545932930651178,0.010417855021626144,0.5152803731969244,0.018029080598678627,57.6471943788502,4.7472469749694195,55.05461143912269,3.7300677656458934,1.0534183104610126,0.14936278564734867,2.982058002876967,0.18103764855350007,6.14,0.34351128074635306,-1.445461847053764,6.292348496030626
dr_learner_rf,516.3175114479038,102.78279068809184,1.6643480482598085,0.8383315274414815,0.5189775324255015,0.2914182347709794,,,,,,,,,0.8517338834365429,0.21352651468829728,3.3216766283429258,0.25432464734133586,16.8,1.01734949746879,-1.4353626742142296,5.484605451935715
t_learner_ridge,516.3362768679893,99.51614812198486,0.6977874294422067,0.3502159712396011,0.267638153718173,0.15414436177720062,0.5604660400342775,0.023025363896535405,0.5442386495782804,0.015709960265119526,53.59269202028865,3.6050821477641013,51.60453900600353,2.5123037383237037,0.24268859774731794,0.14593232993994604,2.058723471360069,0.3151402719677917,0.48,0.08366600265340755,-1.4165972541287375,2.2340095749901687
cox_interactions,516.4275236936991,99.76866064083417,0.7634189852837308,0.6290322808053663,0.2437076734142821,0.2240462516117934,0.5539737283368561,0.015882721381309393,0.5512819380633804,0.021906399162289987,54.345322395081176,3.433958588563351,50.65053455971044,2.9488970457722883,0.01299658439717143,0.06163362157805457,1.691813264475553,0.1281416077798631,0.8400000000000001,0.1341640786499874,-1.3253504284189943,1.916802161302447
setnet_plus_features,516.5394574336916,100.91657086148201,1.3339535741786832,1.2074736842456888,0.4514646082071976,0.4218673436310918,0.5605144216167157,0.026289767185098723,0.5337704669573727,0.030121753431473497,53.58809794120064,3.418709153133449,51.915022153052135,2.6899138604514645,-0.060668800801247716,0.10489376698249556,0.642106501636318,0.05896272241445623,0.8400000000000001,0.11401754250991379,-1.2134166884265027,1.1759732934270855
t_learner_rsf,516.7148676412386,100.23404378802795,1.1495093850637612,0.6568037553346782,0.3918110972005432,0.2494938357827787,0.5604324413914952,0.017398030685422613,0.5308659162029472,0.01828419952415302,53.886835724462344,3.3765970686065456,51.67483243176817,3.2156583193711405,-0.07078254355584307,0.09909743036254166,1.3349401819442979,0.11439548895820366,24.080000000000002,4.837561369119775,-1.038006480879551,2.1577307113365225
t_learner_cox,516.9859657431907,99.40460742365545,0.5871896933920191,0.6448721890485208,0.20176508508301455,0.22446612252752582,0.5508311482271966,0.016515705768968665,0.5505301526238439,0.02260301327620286,54.53879190571509,3.2968637451070992,50.737082490600336,2.967043742566176,0.015030822806820238,0.09112497352775042,1.7996511549763246,0.13694449332917408,0.44000000000000006,0.0547722557505166,-0.766908378927394,2.142529188226119
dr_learner_ridge_kmpv,517.2901486970633,99.85808512997629,0.9443085561500097,0.5017784346799063,0.3139820774399394,0.24483198468307862,,,,,,,,,-0.14463490641522,0.06897079336828797,0.680484550306106,0.14372790791524312,16.2,1.8614510468986278,-0.4627254250549072,1.0590753932021904
constant_ate,517.7528741221181,100.01452244685584,0.05589312314863866,0.6798716832087687,0.04757477752685357,0.2594249307696538,,,,,,,,,0.8122117567188687,0.10480570868093346,8.881784197001253e-17,9.288792252416251e-17,30.7,18.00958078357184,0.0,0.0
cox_s_learner,518.4051688637912,99.81542128308743,-0.08896030002823689,0.9983887192139423,0.02783203510362619,0.35219157548997543,0.5603491769120895,0.018179255031287013,0.5545016241832527,0.017208683984204116,54.29082121863134,3.2606910769021313,50.50926132003452,3.0811562667150953,-0.07453381357007224,0.0809352086018432,0.004630010243443202,0.003969911964579044,1.1,0.15811388300841903,0.652294741673154,0.7637359616357006
t_learner_gbm,518.5078433459526,98.52928611162181,1.1304610611258439,0.4675789363327147,0.38976008363676284,0.15478054818848774,0.545932930651178,0.010417855021626144,0.5152803731969244,0.018029080598678627,57.6471943788502,4.7472469749694195,55.05461143912269,3.7300677656458934,1.0021268682267572,0.1854878600499345,3.5668759356249398,0.16082339630648698,4.14,0.31304951684997046,0.7549692238344164,5.60695009275191
setnet,518.9662376854665,99.96967105565467,0.923189560396812,1.433980495469984,0.35309910783445414,0.5147878336668879,0.529148595727493,0.0319096342939185,0.5070684521796218,0.03579942208022595,55.16042889360138,3.0151531120997395,52.55452700788678,2.6866150542404728,-0.4090151197869035,0.1674794664407011,0.058353011173535176,0.011829071014455335,2.9,2.450510150968569,1.2133635633483664,1.2722870670215574
t_learner_gbsa,519.0233777359994,99.53144983036267,0.598105791400058,0.7570583720101344,0.24882129048148083,0.2146093588685254,0.5486394079108918,0.020012623658288868,0.5218468214173162,0.02203745411531202,55.3447330232316,4.631574216722502,52.70888960407672,3.337569968430749,-0.0631637880756438,0.11263811095733237,2.053738074110247,0.12610672269320927,14.080000000000002,1.1519548602267364,1.2705036138812376,3.232898918652521
t_learner_gbm_kmpv,523.8331160257172,98.58622328565555,0.2882234585511168,0.47739919016967536,0.13572461967970778,0.1259500884180001,0.5339956427501498,0.011021201817224796,0.5215950735993196,0.022817618760412935,58.00203682948294,3.9603041573508992,53.575427566838854,4.353380219665867,-0.14498493933367324,0.07535493796400425,2.5990714170197364,0.10386604557470434,3.04,0.25099800796022287,6.080241903599074,3.2076797629861615
dr_learner_gbm,524.8844145860859,99.65072719689971,1.1023701861557802,0.5107239585617694,0.3896888470444983,0.17395249559523632,,,,,,,,,0.8974875089918862,0.32005829268108377,4.475735034825177,0.1837466310493297,16.68,1.215318888193546,7.131540463967769,2.219201903949
